{"cameraMode":{"drawMode":0,"name":"Shaded","section":"Shading Mode"},"sceneLighting":true,"audioPlay":false,"sceneViewState":{"showFog":false,"showMaterialUpdate":false,"showSkybox":false,"showFlares":false,"showImageEffects":true,"showParticleSystems":true},"in2DMode":false,"pivot":{"x":316.98956298828127,"y":205.16104125976563,"z":-9.32269287109375},"rotation":{"x":0.1329435408115387,"y":0.1680290400981903,"z":-0.02287585847079754,"w":0.976508617401123},"size":140.35023498535157,"orthographic":false}