{"cameraMode":{"drawMode":0,"name":"Shaded","section":"Shading Mode"},"sceneLighting":true,"audioPlay":false,"sceneViewState":{"m_AlwaysRefresh":false,"showFog":true,"showSkybox":true,"showFlares":true,"showImageEffects":true,"showParticleSystems":true,"showVisualEffectGraphs":true,"m_FxEnabled":true},"in2DMode":false,"pivot":{"x":10.70413589477539,"y":21.885744094848634,"z":-63.931583404541019},"rotation":{"x":-0.17009948194026948,"y":0.028080938383936883,"z":0.004848170559853315,"w":0.9850190877914429},"size":2.5729613304138185,"orthographic":false}