{"cameraMode":{"drawMode":0,"name":"Shaded","section":"Shading Mode"},"sceneLighting":true,"audioPlay":false,"sceneViewState":{"m_AlwaysRefresh":false,"showFog":true,"showSkybox":true,"showFlares":true,"showImageEffects":true,"showParticleSystems":true,"showVisualEffectGraphs":true,"m_FxEnabled":true},"in2DMode":false,"pivot":{"x":-24.323957443237306,"y":6.557312965393066,"z":1.553436279296875},"rotation":{"x":0.02694847248494625,"y":-0.059942152351140979,"z":0.0016197424847632647,"w":0.9978445768356323},"size":67.38993072509766,"orthographic":false}